JobID,startTime,endtime,JobCompletionTime
0,1607005477.4340537,1607005479.4592853,2.0252315998077393
3,1607005479.8643754,1607005483.868427,4.004051685333252
2,1607005479.017125,1607005484.0192778,5.002152919769287
1,1607005478.6942372,1607005484.7278712,6.0336339473724365
6,1607005483.0912457,1607005487.1254385,4.034192800521851
4,1607005481.7199755,1607005488.722309,7.002333641052246
5,1607005481.8210464,1607005488.8266726,7.005626201629639
7,1607005485.3794453,1607005491.3823647,6.002919435501099
9,1607005488.022748,1607005492.0271199,4.004371881484985
8,1607005487.8409142,1607005492.8446338,5.0037195682525635
10,1607005489.3292093,1607005495.3318698,6.002660512924194
11,1607005490.2017457,1607005496.2108736,6.009127855300903
12,1607005492.9813757,1607005498.9910948,6.009719133377075
14,1607005494.0052676,1607005501.0087261,7.003458499908447
13,1607005493.1143231,1607005501.1191213,8.004798173904419
15,1607005495.5152135,1607005503.530007,8.014793395996094
16,1607005497.9458053,1607005503.9518654,6.0060601234436035
17,1607005500.073789,1607005505.0824301,5.008641242980957
21,1607005503.3491747,1607005505.354261,2.0050861835479736
22,1607005503.948425,1607005507.9601214,4.0116963386535645
18,1607005500.1651587,1607005508.1703773,8.005218505859375
19,1607005501.2861307,1607005509.2933066,8.007175922393799
20,1607005502.8930147,1607005509.9049537,7.01193904876709
24,1607005505.49747,1607005510.5078678,5.010397911071777
26,1607005506.6209552,1607005510.6389537,4.017998456954956
28,1607005508.8381343,1607005511.842246,3.0041117668151855
25,1607005506.1662984,1607005512.173958,6.007659673690796
23,1607005504.544287,1607005512.5490408,8.004753828048706
29,1607005508.8385184,1607005514.8456268,6.007108449935913
27,1607005507.8358054,1607005515.8441575,8.008352041244507
