WorkerID,taskID,startTime,endTime,TaskCompletionTime
1,1_M2,1606835284.8906062,1606835285.898644,1.008037805557251
2,0_M1,1606835284.4338582,1606835285.8992891,1.4654309749603271
2,1_M1,1606835284.890204,1606835286.899086,2.0088820457458496
1,1_M0,1606835284.889673,1606835286.899986,2.010313034057617
1,2_M0,1606835286.655877,1606835287.660158,1.0042808055877686
1,2_M2,1606835286.656827,1606835287.663064,1.0062370300292969
1,3_M0,1606835287.142758,1606835287.90574,0.7629821300506592
