JobID,startTime,endtime,JobCompletionTime
0,1607057750.1012871,1607057755.1122682,5.01098108291626
3,1607057752.1432817,1607057756.1489875,4.005705833435059
2,1607057751.3208451,1607057756.3255281,5.004683017730713
1,1607057750.2939932,1607057757.338941,7.044947862625122
4,1607057752.8100827,1607057759.8752346,7.065151929855347
5,1607057753.4584386,1607057760.5000644,7.041625738143921
6,1607057753.9646626,1607057762.0045297,8.039867162704468
8,1607057757.9258237,1607057762.9467552,5.0209314823150635
9,1607057757.9463441,1607057764.1150153,6.168671131134033
7,1607057757.8029988,1607057766.0262074,8.223208665847778
12,1607057760.8167589,1607057766.135517,5.318758010864258
11,1607057759.9966261,1607057768.020064,8.023437976837158
17,1607057763.1049018,1607057768.101808,4.996906280517578
10,1607057758.9697413,1607057768.1242445,9.154503107070923
13,1607057761.196012,1607057768.8711898,7.675177812576294
19,1607057764.6046922,1607057770.0877123,5.483020067214966
15,1607057762.8427992,1607057770.0882242,7.24542498588562
14,1607057762.0053632,1607057770.2513902,8.246026992797852
16,1607057763.0016267,1607057771.0589721,8.057345390319824
18,1607057764.0227535,1607057771.061552,7.038798570632935
22,1607057767.1620877,1607057773.096208,5.934120416641235
28,1607057771.494931,1607057774.0711553,2.5762243270874023
20,1607057765.5761871,1607057774.2586577,8.682470560073853
23,1607057768.0213342,1607057775.071333,7.049998760223389
26,1607057770.2218637,1607057775.07263,4.850766181945801
24,1607057768.0217428,1607057775.0947342,7.072991371154785
21,1607057766.861583,1607057775.1514401,8.289857149124146
25,1607057769.0177128,1607057776.060585,7.042872190475464
27,1607057771.4742923,1607057778.5087142,7.034421920776367
29,1607057773.679311,1607057780.6915343,7.012223243713379
