JobID,startTime,endtime,JobCompletionTime
1,1607058043.6672583,1607058049.6962771,6.029018878936768
0,1607058043.6465447,1607058050.6565783,7.01003360748291
6,1607058047.919454,1607058050.9234853,3.004031181335449
2,1607058045.1581962,1607058052.1622083,7.004012107849121
4,1607058046.2467647,1607058053.2520943,7.005329608917236
3,1607058045.2593136,1607058053.2624042,8.003090620040894
8,1607058049.4422536,1607058054.4513814,5.009127855300903
5,1607058046.6941886,1607058054.7171264,8.022937774658203
9,1607058051.5966413,1607058055.6446838,4.04804253578186
7,1607058048.465934,1607058056.4831555,8.017221450805664
