WorkerID,taskID,startTime,endTime,TaskCompletionTime
3,2_M1,1606835031.9437592,1606835032.180713,0.2369537353515625
1,1_M0,1606835031.597507,1606835032.9541178,1.3566107749938965
1,0_M0,1606835031.162126,1606835033.1811929,2.01906681060791
1,2_M2,1606835031.9441469,1606835033.181609,1.237462043762207
1,3_M0,1606835033.257173,1606835033.607818,0.3506448268890381
